id,Car,Color,Model,Origin
WBABV13486J188703,Nissan,Mauv,Maxima,SE
1G4GD5G38EF483656,Geo,Mauv,Tracker,ID
SCBGC3ZA1EC761356,Acura,Orange,RL,CN
YV1852AR2A1291281,Infiniti,Teal,Q,TZ
WBAKB0C57CC980143,Acura,Orange,TSX,PH
3C6TD5MT4CG958875,Ford,Aquamarine,Aerostar,AR
WBAYM1C57ED574189,Chevrolet,Purple,Camaro,PL
JH4DC53014S942486,Aston Martin,Khaki,V8 Vantage S,ID
JTDKDTB38C1605629,Porsche,Orange,968,RU
1N4CL2AP9BC280911,Jaguar,Indigo,X-Type,US
WAUJT64B13N187764,Mazda,Maroon,626,PK
KMHTC6AD7CU519239,Volkswagen,Puce,Eurovan,CN
WBALM73539E868458,Jeep,Indigo,Patriot,CN
1G4HP54K61U810357,Dodge,Yellow,Charger,ID
1G6DP577X50338304,Suzuki,Yellow,Grand Vitara,ID
WAUEF98E68A875305,GMC,Fuscia,3500 Club Coupe,CN
3GYFNGE3XCS742937,BMW,Purple,530,CZ
5N1AT2MK2FC462601,Chevrolet,Green,Corvette,CO
SCBCC41N89C163953,Dodge,Crimson,Avenger,PH
3N1CN7AP0DL424776,Audi,Puce,90,CN
WAUWFAFH8DN316652,Mazda,Goldenrod,MX-3,RU
SCBGT3ZA7FC224959,Kia,Maroon,Spectra,AR
1C6RD7HT5CS692565,Pontiac,Khaki,Safari,BR
WA1DGAFP8EA580147,Mazda,Puce,Mazda3,CN
1C4AJWAGXFL152018,Volkswagen,Orange,Golf,PH
1C3CDFAA0FD247164,Mazda,Puce,MX-5,JP
WAULD64B44N634076,Lamborghini,Teal,Diablo,CN
WBAWV13529P327252,Volkswagen,Pink,Golf,CN
1VWAH7A39CC902368,Buick,Red,Coachbuilder,CN
3N1CE2CP4EL214084,Pontiac,Fuscia,GTO,KR
5J8TB3H54GL416605,Ford,Goldenrod,Edge,ID
1GYFC53249R479666,Mercedes-Benz,Mauv,SLK-Class,CN
WBAFR1C51BC677778,Volkswagen,Fuscia,Touareg,LK
1FTEX1CW2AF574666,Mitsubishi,Blue,3000GT,MX
WBA1F7C59FV763842,Chevrolet,Maroon,Astro,CN
1G6DK5ED8B0512499,GMC,Purple,Sierra,CN
WBAYE8C51ED077385,Volkswagen,Pink,Touareg,US
19VDE3F36DE126200,Ford,Purple,E350,BD
WVGEF9BP5ED880353,Audi,Aquamarine,5000CS,FI
WAULT68E53A385851,Dodge,Crimson,Grand Caravan,AR
1GKS1CKJ3FR371806,Ford,Maroon,Freestyle,FR
JN1CV6AP8CM954573,Volkswagen,Pink,riolet,NG
1FMJK1F55DE769828,Volvo,Teal,S80,TH
WAUKF78P99A399657,Jeep,Fuscia,Compass,JP
5XYZT3LB6EG943847,Toyota,Pink,Tercel,CN
WAUGFBFC0EN788375,Lincoln,Maroon,MKZ,CO
KNDMG4C7XE6060983,Ford,Blue,Fiesta,CD
1D7RE3GK5BS178355,Rolls-Royce,Crimson,Ghost,PH
SCFHDDBT2EG097739,Hyundai,Crimson,Tucson,CN
WAUBC48H16K911935,Porsche,Indigo,Cayman,CN
WAUDGBFL9CA226706,Toyota,Purple,Avalon,VN
WBAKX8C51BC369068,Ford,Orange,F-Series Super Duty,VN
1GYEK63N72R934949,Mercury,Puce,Marauder,ID
WBA6B2C57ED281394,Nissan,Violet,Sentra,PH
KM8NU4CC5AU957091,Scion,Fuscia,xD,CN
19UUA75648A376258,GMC,Yellow,Safari,BR
1G6AJ1R38F0489067,Volvo,Red,S60,GR
WBA5M4C52ED168910,Dodge,Orange,Caravan,MR
1N4AB7AP2EN058694,Lexus,Aquamarine,LS,NO
1GYUKGEF1AR200720,Hyundai,Purple,HED-5,CA
WAUED54B91N744328,Mercedes-Benz,Goldenrod,300SE,PH
19UUA75558A101876,Subaru,Aquamarine,Impreza,GT
JH4KB16527C499743,Honda,Pink,Civic Si,SI
1FMEU6FE1AU382803,Cadillac,Yellow,Seville,RU
WAUML44E75N372531,Mitsubishi,Goldenrod,Pajero,RU
1N6AD0CU1BC503526,Infiniti,Teal,G,BR
SCBFH7ZA7FC453307,Land Rover,Goldenrod,LR2,ID
2CTALMEC6B6400052,Mercury,Puce,Sable,PH
19UYA42533A333700,Dodge,Maroon,Ram 1500 Club,US
WBAWB33557P651782,Volkswagen,Turquoise,R32,PT
WAUHF98P79A477813,Nissan,Mauv,Pathfinder,ID
JTJBM7FX4C5185488,Hyundai,Green,Elantra,BY
KMHCT4AE6CU576402,Porsche,Indigo,Boxster,UA
WAUSF98K69A029458,Honda,Aquamarine,CR-V,SE
1G6DR57V180422847,Chevrolet,Khaki,Avalanche,PH
WAULT68E05A169196,Lexus,Indigo,GS,PT
5N1AN0NW4DN850284,Mitsubishi,Aquamarine,Mirage,CN
1G6KS54Y43U539544,Toyota,Aquamarine,Highlander,JP
1B3CB3HA3BD536136,Nissan,Crimson,Pathfinder,ID
WAUGL98E28A192597,Chevrolet,Green,Metro,US
19UUA66267A235843,Pontiac,Indigo,Bonneville,GB
WBANU53538C506217,Volkswagen,Aquamarine,Passat,RU
WAUXL58E25A905891,Audi,Indigo,S6,SE
1G6DV1EP2B0592943,Jeep,Green,Cherokee,VN
2FMDK4GC0AB561035,Acura,Green,Legend,CN
1C4RJEAG8CC828734,Chevrolet,Green,Corvette,US
3D73Y4CL3BG111844,Nissan,Purple,Pathfinder,PH
1FTWX3B54AE757517,Suzuki,Red,SX4,DO
WP0AB2A89FK083391,Pontiac,Pink,G5,ID
3D73M3CL3BG024502,Pontiac,Blue,Grand Prix,CN
1FTEX1E8XAK446584,Mazda,Orange,929,MK
JN8AF5MR3CT261803,Pontiac,Crimson,Tempest,CL
WA1BY94L48D091329,Ford,Pink,Explorer,RU
WBAAZ33414K263163,Jaguar,Turquoise,XK,PE
1G6AU5S89E0139417,Hyundai,Indigo,Sonata,UA
JTEBW3EH8A2007643,Acura,Goldenrod,NSX,PH
1FMJK1G52DE157777,GMC,Teal,Yukon,PT
1D7RB1GP3AS499589,Pontiac,Purple,Torrent,VE
WBAPM7C52AA335899,Volkswagen,Khaki,Golf,CN
WBAFU7C53BD971601,Pontiac,Red,Firebird,PE
1G4GC5ER8DF392511,Lexus,Violet,IS,SE
JTEBU5JR8F5729961,Nissan,Aquamarine,JUKE,CZ
JH4DC53843S417541,GMC,Pink,Jimmy,CZ
WAUAGAFD0DN353506,Toyota,Fuscia,Ipsum,TM
1G6DC1E35E0802135,Hyundai,Indigo,Elantra,CN
WAUHFAFL0BN339479,Jeep,Crimson,Grand Cherokee,RU
5UXFE83547L411443,Ford,Violet,Festiva,CU
1C3CDZCBXDN162198,Isuzu,Goldenrod,Oasis,AL
1FTEX1C81AF849350,Hyundai,Mauv,Sonata,SV
WUATNAFG9EN321668,Subaru,Red,Forester,ML
1GD11ZCG3DF023611,GMC,Goldenrod,1500 Club Coupe,PE
2C3CDYAGXEH015687,Chevrolet,Fuscia,Traverse,AR
1D7RW2BK0AS861481,Eagle,Red,Talon,PH
WBAUP93568V572789,Ferrari,Red,599 GTB Fiorano,ID
19UUA76607A994125,GMC,Mauv,Sierra 2500,NP
5N1AR2MM0DC400157,Ford,Turquoise,Aspire,RU
1D7RV1GT4AS885250,BMW,Goldenrod,645,NL
KMHFG4JG3CA482367,Buick,Mauv,Riviera,CN
1G6DL1E32D0130498,Chevrolet,Aquamarine,Sportvan G30,ID
WAUEFAFL3DN583326,Lexus,Maroon,SC,CN
4JGDA2EB4DA637019,Volvo,Teal,S80,CN
1N4AL3AP6DC365723,Chevrolet,Fuscia,Corvette,UA
SCFEDCAD9BG251866,Toyota,Violet,Celica,LB
3VW1K7AJ0DM497260,Audi,Khaki,A5,CN
5FPYK1F68EB609349,Toyota,Purple,Tundra,ID
WBADT43471G057431,Mitsubishi,Fuscia,Mirage,TH
W04GN5ECXB1351599,Ford,Violet,Mustang,US
1YVHZ8BH9B5597370,Dodge,Khaki,D350 Club,DE
1N6AA0CC6EN176856,Plymouth,Yellow,Grand Voyager,PT
WBAEU33402P493292,Mitsubishi,Khaki,Diamante,CN
1N4AA5AP4BC152509,Cadillac,Violet,Escalade,SE
1G6AL5S33D0087532,Ford,Orange,Explorer Sport Trac,RU
3C63D3DL4CG635706,Volvo,Puce,XC70,CY
1C3CDZCB8CN446492,Saturn,Violet,Ion,JM
5N1AR2MM6FC605193,Hyundai,Violet,Veracruz,MK
2C4RDGCG2ER166062,GMC,Maroon,Rally Wagon 3500,RU
1G6AY5SX1E0671157,Mercury,Turquoise,Sable,CN
WBAEN33462E178683,Mitsubishi,Mauv,L300,ID
WBAUP7C53DV175409,Volkswagen,Khaki,Tiguan,PT
WAUVT68E74A189100,Maserati,Red,430,AF
WBADR63442G372750,Bugatti,Khaki,Veyron,EC
SCFAD01A86G248076,Land Rover,Red,Defender 90,BR
4T1BF1FK8CU669440,Kia,Orange,Amanti,PL
KMHHT6KD6BU322422,Buick,Orange,Regal,AR
JH4CU4F40CC412777,Mitsubishi,Goldenrod,Truck,BR
3LNDL2L37BR231874,Toyota,Crimson,Yaris,PL
5J6TF3H59FL037708,Audi,Blue,S8,CN
1HGCR6F57EA673167,Oldsmobile,Maroon,88,CN
JM1NC2LFXD0492356,Ford,Purple,Tempo,PH
SCFAB01AX7G146916,Chevrolet,Goldenrod,Camaro,RS
2T1BPRHE8FC603818,Mazda,Aquamarine,B-Series,ID
1B3CB5HA2BD890970,Mitsubishi,Khaki,Mirage,PE
JN1BV7AP5FM009005,Buick,Indigo,LaCrosse,RU
WBAVC53597F307625,Jeep,Purple,Liberty,PR
WAU4FAFL8CA985912,Mercury,Turquoise,Cougar,VE
JTHBE1KS3B0216585,Chevrolet,Purple,Bel Air,BR
WAUDF98E48A819780,Chevrolet,Goldenrod,Suburban 2500,IE
1G4HD5EM9AU416912,GMC,Pink,Sierra 1500,CN
JTEBU5JR1B5437658,Suzuki,Yellow,SX4,KE
WBA3A9C54DF036716,Dodge,Blue,Dakota Club,AR
JM1BL1H39A1540396,Hyundai,Violet,Sonata,LT
2B3CK9CV7AH656181,Mitsubishi,Indigo,Montero Sport,UA
JN8AZ2KR0ET924613,Toyota,Green,Supra,BR
2FMDK4AC3AB756006,Mercury,Crimson,Grand Marquis,FR
WBA4B3C56FG257715,Infiniti,Yellow,G37,PH
WBADR63441G756543,Buick,Puce,Enclave,CN
WAUMFAFL3DA223735,Mercedes-Benz,Mauv,M-Class,ES
JH4CU4F4XAC559802,Jeep,Violet,Grand Cherokee,CN
1FTMF1CW9AF858780,Suzuki,Violet,XL-7,BR
KL4CJFSB5DB525765,Chevrolet,Yellow,Tahoe,CN
3D7TT2HT0BG068835,Maserati,Purple,Biturbo,AM
2LMHJ5AT7CB323177,Buick,Blue,Century,PE
WVWAP7AN3DE039967,Oldsmobile,Puce,Regency,CN
4A4JM2AS2AE060380,Chrysler,Orange,Town & Country,PT
1C4NJPBA5CD670805,Mazda,Yellow,Protege,CN
WA1CMAFE1CD217168,Chevrolet,Puce,Lumina,CZ
WBADS33421G612217,Chevrolet,Yellow,Caprice Classic,JP
1G6DL1ED6B0029972,Buick,Red,Regal,CO
1FTMF1EW3AF834231,Ford,Khaki,Ranger,PL
WAULC58E45A780200,Volkswagen,Teal,Golf,VE
5UXFG4C5XAL381858,Ford,Fuscia,F-Series,MK
4T1BD1FK2CU744834,Ford,Khaki,Contour,UG
1G6DS57V690866621,Subaru,Aquamarine,Forester,KZ
JTMHY7AJ7D4271387,Aston Martin,Yellow,V8 Vantage,PH
1N4AB7AP9DN396382,Land Rover,Orange,Range Rover,CN
WVGAV7AX1BW547199,Chrysler,Red,Concorde,CA
1D4RE5GG5BC132023,Jeep,Purple,Wrangler,UA
WAUKF98E86A192974,Mitsubishi,Orange,Mirage,CN
WAUHF78P67A809063,Mercury,Mauv,Sable,ID
1NXBU4EE0AZ998312,Infiniti,Green,Q,CN
WBAWV53557P050617,GMC,Blue,Sierra,PL
WA1C8BFP4FA996101,Ford,Green,Mustang,PH
WBAPK73549A437612,Suzuki,Red,Sidekick,LV
WBAYB6C53DC166876,BMW,Aquamarine,Z3,CN
WBAYA6C50FD901328,Nissan,Aquamarine,Maxima,PH
JN1AZ4EH4AM994665,Volkswagen,Crimson,Cabriolet,CN
1GD21ZCG4CZ510026,Audi,Fuscia,riolet,RS
JN8AZ2KR5BT859527,Ford,Teal,Festiva,ID
3LNDL2L33CR455905,Lexus,Purple,IS,VN
19UUA56773A669124,Lexus,Khaki,SC,RU
WA1DGAFP7DA890711,Mitsubishi,Maroon,i-MiEV,CN
3VWJX7AJ3AM517272,Toyota,Fuscia,Land Cruiser,SE
1GYEK63N04R743828,Mercury,Orange,Villager,VN
19UUA8F35EA872336,Volkswagen,Turquoise,Golf III,GT
5N1AR2MM6DC990946,Chevrolet,Turquoise,TrailBlazer,BO
WBAKA4C56CC216570,Subaru,Mauv,Alcyone SVX,UA
WBA3V5C53F5494902,Infiniti,Fuscia,G,TN
4T1BF3EK3AU187680,BMW,Khaki,X5 M,UG
KNAGG4A89A5488467,BMW,Pink,7 Series,CN
JN1CV6FE3CM791094,Buick,Red,Terraza,ID
KNAFU6A24D5961613,Audi,Violet,RS6,PH
WBS3R9C58FK750332,Buick,Maroon,Reatta,CN
4USCN33472L576842,Mercedes-Benz,Green,E-Class,MX
3VWML7AJ0EM432646,Mercedes-Benz,Crimson,M-Class,AM
19VDE1F5XFE672992,Mazda,Turquoise,MPV,CN
KNAFU6A23B5065946,Infiniti,Blue,G,CN
1FAHP3CN9AW623712,Nissan,Red,Maxima,PH
2HNYD2H65DH893550,Ford,Pink,Thunderbird,PH
YV1952AS8E1020349,Toyota,Orange,Tacoma,CN
WBANB33534B887187,Plymouth,Blue,Grand Voyager,RU
WAUFFAFM6AA037460,Ford,Yellow,F150,RU
1GYS3PKJ7FR995017,Honda,Maroon,Passport,UA
2G4GS5GX2F9913877,Dodge,Teal,Caravan,CR
WBA3B1C56DK559743,Mercedes-Benz,Khaki,500E,PT
WAUDF48HX7K282810,Nissan,Puce,Maxima,AM
WBA3N3C58EK261599,Jeep,Indigo,Wrangler,US
WA1YD54B54N174469,Pontiac,Puce,GTO,CN
WAUJFAFH4DN956044,BMW,Indigo,X5,ID
1N4AA5AP8DC201519,Kia,Aquamarine,Sephia,PT
1GD11ZCGXCF803314,Maserati,Violet,Biturbo,CN
JN1AJ0HP1BM906966,GMC,Goldenrod,Suburban 2500,UY
1N6AA0CC7EN811373,Saab,Mauv,9000,CN
WDDLJ6FB0FA647853,Hyundai,Pink,Elantra,BR
JH4DC53822C809880,Lotus,Yellow,Exige,RU
WAUYGBFC1CN939903,Toyota,Turquoise,T100 Xtra,CN
JH4DC54892C204768,Chevrolet,Violet,Express 3500,CN
1GYEC63T54R859327,Ford,Indigo,Escort,DE
1G6DM5E3XC0039000,Volkswagen,Blue,Golf,RU
5N1AA0NC3DN307736,Ford,Green,Focus,CN
1GT022CGXEF855436,Isuzu,Goldenrod,Hombre Space,ID
2FMDK3AK5DB383959,Ford,Teal,Club Wagon,CU
1G6DC67A590086447,Dodge,Orange,Grand Caravan,ID
5GNRNHEE3A8727714,Dodge,Teal,Viper,MU
WBA3T3C55FP038978,Mitsubishi,Yellow,Lancer,CY
KNALN4D76E5126433,Chevrolet,Teal,Cobalt SS,CN
1FADP5AU6EL185758,Kia,Aquamarine,Spectra,CN
WAUAFAFL6AA978117,Honda,Crimson,Odyssey,CZ
2D4RN7DG3BR772447,Shelby,Turquoise,GT500,PH
WA1LGBFE7ED593888,Jeep,Crimson,Grand Cherokee,PE
1G4HP54K74U322989,Toyota,Indigo,4Runner,AR
YV1902MM1F1461673,Lotus,Orange,Esprit,PH
3C4PDDBG8ET473580,Buick,Red,Lucerne,CN
JN1AZ4EH7AM208650,Lamborghini,Khaki,Murciélago,CN
1D4PT7GX1AW153215,Volvo,Violet,C70,BA
WAUML44D23N281042,Saab,Aquamarine,9-3,FI
5FPYK1F22EB033495,Hyundai,Indigo,Accent,PL
WBASP4C58CC475365,GMC,Green,2500,PY
1B3AZ6EZ6AV441352,Honda,Red,Civic,CN
1B3AZ6JZ2AV114209,Suzuki,Teal,Swift,PT
5XYZG3AB5CG231401,Ford,Green,Taurus,PS
5UXFG435X8L351642,GMC,Aquamarine,Savana,PH
YV4960DL2A2859698,Volvo,Crimson,850,CN
JHMZE2H38ES423972,Mitsubishi,Mauv,Challenger,SE
1G6DD67V390197398,Pontiac,Mauv,Aztek,SE
WBA3B9C5XDJ237028,BMW,Aquamarine,5 Series,GN
WP0CA2A89ES757484,BMW,Crimson,650,KR
3GYFNBE30FS841886,GMC,Orange,Vandura 2500,CN
WA1LFAFP2DA132550,Mitsubishi,Maroon,Diamante,US
2G4WY55J121329004,GMC,Maroon,Envoy,PT
WVGEG9BP7CD787733,Buick,Maroon,Regal,US
KMHHT6KD3AU065587,BMW,Goldenrod,X5,CN
3C6JD7DP5CG327011,BMW,Yellow,3 Series,CN
2HNYD28817H530670,BMW,Pink,6 Series,RU
JTHBE1BL4FA560628,Buick,Green,Regal,NL
1G4HP52K834424089,Pontiac,Goldenrod,Firebird,BG
WAUCFAFH9DN288850,Pontiac,Khaki,6000,ES
JN1CV6EK0EM683140,Mercury,Maroon,Lynx,CN
SCFBB03C59G774453,Ford,Fuscia,Taurus,CN
WDDEJ7HB5AA424700,Nissan,Fuscia,Sentra,TH
5TDBKRFH4FS048997,Chevrolet,Indigo,1500,CO
5LMJJ2J56EE509326,Mitsubishi,Aquamarine,Pajero,CN
WAUEKAFB6BN900368,Chevrolet,Green,Suburban 2500,NE
WUARL48H09K228326,Lexus,Violet,RX,CN
SCFAB22381K023292,Audi,Blue,A6,PH
1GYS4KEFXDR577362,Subaru,Fuscia,Impreza,US
1G4GC5G35EF101652,Jaguar,Purple,XJ,RU
5N1AN0NW9FN954126,Acura,Yellow,NSX,CN
SCBBB7ZH7CC739246,Kia,Orange,Sedona,BF
WAUBF98E68A239681,Volvo,Red,960,PH
SAJWA4DC3BM404281,Mercedes-Benz,Yellow,S-Class,MX
3D73M4HL3BG479901,Ford,Green,Ranger,SE
2T3BFREV3EW752651,Mercury,Khaki,Grand Marquis,ID
WBAWV53577P369128,Bentley,Fuscia,Continental Flying Spur,CR
KNAFU6A28B5370889,Jaguar,Blue,XF,ID
1GYS4AKJ7FR366867,Ford,Goldenrod,Aerostar,RU
1G6DJ8EV7A0790273,Hyundai,Maroon,Sonata,SE
WAUSH98E96A273783,Hyundai,Aquamarine,Elantra,SE
1G6DM1ED1B0728410,Pontiac,Puce,Firefly,RU
KL4CJBSB5EB284249,Toyota,Mauv,TundraMax,IE
1FADP3E26DL174173,Mercedes-Benz,Goldenrod,W201,PT
2T1KE4EE1CC783085,Mazda,Mauv,MX-5,CO
2FMDK4KC4AB254765,Honda,Indigo,Prelude,ID
WBADX1C5XCE777722,Mazda,Purple,Mazda2,CN
WBAGL63444D855416,Mazda,Yellow,B-Series Plus,BR
1FT7W2A69EE429608,Jeep,Aquamarine,Grand Cherokee,RU
WBA3N3C53FK090181,Volkswagen,Green,New Beetle,CN
JH4CU25699C543593,Ford,Indigo,Crown Victoria,SE
WAUKG94F76N667633,Mitsubishi,Fuscia,Expo,BR
JH4DB766X1S782652,Kia,Aquamarine,Optima,CA
19UUA65686A224412,Chevrolet,Khaki,Traverse,RU
3C6TD5MT6CG962684,Pontiac,Aquamarine,Firebird Formula,CN
WBA5M4C56ED532164,Chevrolet,Mauv,Colorado,PH
WAUXD68D92A195538,Chrysler,Red,Concorde,AF
WBA5A7C55FG102281,Volkswagen,Teal,Passat,CN
SALME1D45CA093160,Buick,Turquoise,Terraza,PS
5FNYF3H26AB239709,Chevrolet,Purple,Corvette,CN
2G4WF551211407231,Porsche,Pink,968,NG
JN1BY0AP5AM045932,Volkswagen,Maroon,R32,ID
1N6AF0LYXFN737574,Jeep,Khaki,Liberty,UA
SCBET9ZA5FC309180,Hyundai,Crimson,Veloster,CN
WBAFR9C55DD390309,Toyota,Yellow,Xtra,CO
1FTEW1CF2FF326900,Mazda,Khaki,Miata MX-5,RU
5GAER23D79J464983,Mazda,Teal,Protege,ID
19UUA56973A812512,Lexus,Khaki,SC,CN
1FTEW1E88AK077758,Mercedes-Benz,Mauv,S-Class,SE
WDDPK5HA6FF527720,Suzuki,Red,Swift,NL
WVGAV7AX4CW209166,Ford,Khaki,Crown Victoria,CN
SAJWA4DC7AM652628,Lexus,Goldenrod,RX,PH
1GT022CGXEF906577,Saab,Green,9-7X,CN
5TDBK3EH8BS024582,Chrysler,Indigo,Cirrus,PE
WAUEKBFB7BN015635,Nissan,Teal,Pathfinder,AR
1G6AD5S35E0727268,MINI,Crimson,Cooper,IR
5J6TF1H36AL479101,Mercury,Green,Mountaineer,FR
WBA1J7C55EV051938,Volvo,Violet,V70,PL
5N1AT2ML1EC427121,Volvo,Puce,940,CN
1YVHZ8BH0B5660436,BMW,Mauv,3 Series,MA
4T1BF3EK7BU134076,Pontiac,Yellow,Grand Prix,ID
1GYS3KEF2BR588341,Jaguar,Pink,XJ Series,CN
1N4AB7APXEN555797,Toyota,Goldenrod,Tacoma,TH
5TDBW5G14DS384838,Chevrolet,Indigo,Blazer,BG
WAUWGAFC8FN687038,Daewoo,Blue,Nubira,BY
WDCYC7DF4FX445689,Hyundai,Teal,Accent,MY
1G6KD54Y71U056833,GMC,Mauv,1500,SE
JN1BJ0HR7EM667224,Mazda,Yellow,RX-8,BY
KL4CJGSB0DB147697,Chevrolet,Purple,Blazer,CN
KL4CJFSB3EB288257,BMW,Red,M5,ID
1G4GC5EC1BF592686,Mazda,Purple,Mazda6,ID
5NPEB4AC3CH558884,Acura,Yellow,TL,CN
WAUPL58E25A870897,Audi,Fuscia,80,PH
5NPEB4AC8DH807116,Ford,Goldenrod,F250,PL
2T1KU4EE4DC596332,Toyota,Puce,Yaris,ES
WBAPH5G57AN554952,Ford,Crimson,Mustang,CN
5J8TB4H55GL330306,BMW,Green,5 Series,ID
WBALL5C53FP911333,GMC,Khaki,Sonoma,CD
SCFAD22333K811958,Honda,Maroon,CR-V,RU
WA1LMAFEXBD671076,Porsche,Turquoise,944,BR
5GALRCED9AJ445785,Audi,Teal,V8,XK
3GYFNEEY7AS555250,Eagle,Yellow,Talon,ID
WVWED7AJ1DW047566,Lotus,Khaki,Elan,GN
WVGEF9BP4DD853465,Acura,Yellow,TSX,FR
1C6RD6FK3CS112315,Nissan,Green,Sentra,TH
1C4RDHEG4FC702281,GMC,Fuscia,Sierra 3500,TH
3N1AB6APXBL850742,Mercury,Teal,Cougar,EC
1FTEX1E88AF665312,Infiniti,Orange,FX,CZ
WBA6B8C59FD818643,Kia,Red,Optima,ID
19UUA65535A098580,Daewoo,Mauv,Lanos,SE
3GYFNKE62BS590177,Chrysler,Puce,Cirrus,PL
3C63D3ML4CG619201,Nissan,Indigo,Frontier,CN
JM1GJ1U52F1300696,Ford,Violet,Explorer,FI
WDDGF4HB0CF429317,GMC,Aquamarine,Safari,GE
SCFBB03C19G719773,Toyota,Teal,Tundra,FI
1G6DL8EG5A0335451,Chevrolet,Maroon,Suburban 1500,CN
3VW467ATXDM352603,Kia,Orange,Sorento,PT
2HNYD18682H156351,Buick,Turquoise,LeSabre,JP
1G4CW54K724214995,Chevrolet,Fuscia,Suburban 1500,PT
2T2BK1BA2CC438989,Aptera,Violet,Type-1h,SE
JN1AZ4EH2CM974353,Suzuki,Orange,Kizashi,ID
JTHBL1EF8E5629470,Lincoln,Pink,LS,PH
WAUFGBFB1BN047163,GMC,Maroon,2500 Club Coupe,UA
WBABD33445J171250,Porsche,Maroon,Boxster,ZA
1VWAH7A33DC895659,Lexus,Blue,IS-F,VE
WBADS43473G344788,Volkswagen,Puce,New Beetle,BR
WA1YD64B05N997740,GMC,Maroon,Rally Wagon 2500,RU
3D7TT2CT9BG934457,GMC,Maroon,Jimmy,UA
SALAB2D46AA828954,GMC,Green,3500 Club Coupe,KZ
1G4GD5GD3BF518317,Cadillac,Khaki,Seville,JP
WAUNF78P56A542905,Toyota,Blue,Matrix,CZ
1FTWX3B58AE481570,Mercedes-Benz,Red,S-Class,RU
JA4AS3AW9DU657956,Nissan,Crimson,Frontier,CN
3C3CFFAR7ET883265,GMC,Violet,Canyon,GR
5TDBK3EH0CS154048,Volkswagen,Violet,Jetta,MC
1G6DB8E50E0996487,Chevrolet,Purple,Sportvan G20,PT
WAUNF98P38A557451,Pontiac,Pink,Monterey,PL
1G6AL5SX2D0498164,GMC,Violet,Sierra 3500,CL
WAULK78K79A194939,Jensen,Teal,Interceptor,MA
WAUNF98P26A821028,Ford,Indigo,Fairlane,RU
5FRYD3H68FB758128,Daewoo,Fuscia,Leganza,FO
5J6TF2H58EL601387,Lincoln,Khaki,Continental Mark VII,JO
WAUHGBFC8CN402364,BMW,Green,550,CZ
2T1BURHE8EC725618,Buick,Indigo,LaCrosse,MX
2G4WE537X51338983,Subaru,Purple,Justy,FI
JTDKTUD3XDD833475,Ford,Maroon,Focus,JP
JH4CU2E65AC705952,Mazda,Crimson,B-Series Plus,EC
WAUDG68E15A152335,Acura,Orange,RSX,CN
JTMHY7AJ4D4834525,Dodge,Turquoise,Intrepid,YE
2C3CDXHG4CH393727,Plymouth,Puce,Breeze,UA
1G6AA5RX7E0638934,Audi,Green,A5,PH
1FMJU1G53AE720079,Hyundai,Violet,Equus,AR
WBA3C3C5XEK975143,Volvo,Green,C70,SE
WBAAW33441E970602,Lexus,Crimson,IS F,CN
JH4CL96884C085226,Mazda,Khaki,B-Series,ID
1G6DF577X80488596,Isuzu,Yellow,Axiom,IR
JTDKN3DU5A0330002,Infiniti,Red,G,VE
JH4CL96944C319838,Ford,Crimson,Fusion,AL
5FRYD3H27GB479154,Chevrolet,Pink,G-Series 1500,PH
1N6AA0CC6DN454735,Hummer,Blue,H3,SE
KMHHT6KD4BU807805,Kia,Crimson,Spectra,CN
KNAFU5A29D5532770,Jaguar,Aquamarine,XK,IE
WBAPH7C56AE921857,Toyota,Violet,T100,ID
3VWML7AJ1BM295860,GMC,Crimson,Yukon XL 1500,NL
YV1612FS7E2795629,Buick,Puce,Estate,RU
2HNYD18743H020065,Chevrolet,Khaki,Suburban 1500,JP
1GKS2GEJ3CR140268,Mitsubishi,Fuscia,Tundra,ID
WAUFFBFL7CN373093,Subaru,Goldenrod,Legacy,RU
SALWR2TF4FA844050,Porsche,Crimson,924 S,CZ
3D4PG9FG2BT524312,Toyota,Aquamarine,Avalon,CN
WBAWB7C51AP643449,Suzuki,Blue,Swift,LV
1D4PT5GK1AW751779,GMC,Purple,Savana 3500,PH
1G6AD5SX3D0962897,GMC,Blue,3500,SE
WA1LGAFE1DD970563,Honda,Green,Odyssey,UA
WAUDV74F37N207163,Audi,Blue,S4,GT
5FRYD4H69GB103189,Subaru,Violet,Legacy,UA
WBAYF8C53DD453645,Mercedes-Benz,Mauv,S-Class,RU
KMHHU6KJ0FU233728,Ferrari,Crimson,599 GTB Fiorano,XK
3C6TD5FT6CG697827,Mercury,Red,Villager,CO
19UUA56601A672869,Buick,Goldenrod,Regal,JP
1FTEX1CW0AF736830,Kia,Indigo,Sportage,ID
1G6DP1ED8B0815437,Alfa Romeo,Teal,164,JP
2G4WS52JX51204819,Pontiac,Mauv,Grand Am,PT
1C6RD6LP3CS549926,Toyota,Turquoise,Camry Hybrid,CO
1G4GA5EC6BF895534,Volvo,Crimson,XC90,CN
KNAFU6A21B5515531,BMW,Pink,525,JP
WAUWFAFL5AA118778,Dodge,Turquoise,Dynasty,IE
WBAVL1C51DV155236,Audi,Indigo,A6,TH
1GYFC53299R812704,Saturn,Turquoise,Sky,ID
JTDBT4K3XB1871533,Chevrolet,Yellow,Tahoe,PT
2D4RN3DG8BR109500,Ford,Fuscia,Festiva,AF
1FMJK1JT3FE354502,Toyota,Maroon,RAV4,UZ
5J6TF2H54FL592947,Lamborghini,Pink,Murciélago,PL
3VW4S7AT2EM765208,Volkswagen,Crimson,Fox,RU
1G6AG5RX3D0698335,Honda,Turquoise,Civic,ID
KMHEC4A46DA555410,BMW,Mauv,7 Series,ID
3D7JV1EP9BG688604,Saab,Purple,9-5,CN
1G6DL1E32C0043361,Chevrolet,Puce,Silverado,CN
2G61S5S36F9750541,Volkswagen,Indigo,GTI,PL
3C63DRKL8CG429195,Chevrolet,Indigo,Camaro,NG
5TDBK3EH8CS981716,Audi,Khaki,A3,AZ
1FTWW3B55AE669207,Hyundai,Khaki,Elantra,PT
3C63D3ML6CG852576,Jeep,Orange,Commander,BR
WBAFV3C56ED098114,Volkswagen,Orange,Type 2,CN
1FTSW2B54AE571794,Ford,Goldenrod,Explorer,CO
KMHTC6AD8DU229500,Mitsubishi,Green,Galant,PH
1FMEU5BE5AU092581,GMC,Mauv,Yukon XL 2500,ZA
5TDBK3EH6BS309409,Oldsmobile,Teal,Silhouette,PE
WAUWGAFC6FN912461,Porsche,Teal,928,CN
1G6DM1E36D0472839,Mazda,Goldenrod,CX-9,ZA
WA1DGBFE8FD352525,Audi,Pink,A6,AL
1G6AF5SX2D0467987,Toyota,Turquoise,Matrix,CN
WVWBB7AJ1DW789295,Chevrolet,Red,Camaro,FR
WBA3G7C5XFK657648,Cadillac,Puce,DeVille,CN
1GYS4BEF9BR367865,Volkswagen,Orange,GTI,CO
WBAYP1C5XDD361033,Maserati,Violet,Biturbo,CN
WAULC68E43A625925,Chevrolet,Mauv,Tracker,PH
WP1AE2A26CL876653,Honda,Fuscia,Accord,TH
5GADV33L36D627319,Chevrolet,Violet,Express 2500,CN
JN8AS1MU5BM242896,Pontiac,Fuscia,Bonneville,NZ
3VW507AT5FM931832,Mercury,Fuscia,Cougar,RU
WAUUL68E15A446538,Chevrolet,Turquoise,G-Series G10,ID
1FTEW1C87AF376508,Oldsmobile,Aquamarine,Aurora,AR
1G4GC5GG5AF217415,Ford,Violet,F150,IR
WBAPH7C52AE089112,Mercedes-Benz,Orange,SL-Class,CN
5N1AN0NU3AC603845,Honda,Purple,CR-X,ID
SAJWA4ECXBM662893,Porsche,Turquoise,911,AR
WBAYB6C5XFG099379,Nissan,Indigo,Xterra,KR
WAUVT68E95A725871,Ford,Yellow,Mustang,CN
2G4GY5GV1B9173309,Kia,Orange,Sorento,PH
19XFA1E5XAE708895,Ford,Orange,Aspire,BR
3GYFNAE37DS875301,Chrysler,Mauv,Town & Country,VN
SCFEBBBK2EG610623,Infiniti,Puce,Q,ML
3D73M3HL4BG070459,Acura,Red,TL,CN
19XFB4F24EE941308,Ford,Aquamarine,Ranger,CN
1N6AA0CA3EN571804,Chevrolet,Red,Cavalier,PT
2G61S5S37D9416502,Mercedes-Benz,Yellow,SLR McLaren,MZ
1FTEX1C83AK618148,Eagle,Khaki,Summit,ID
2G4WY55J821709070,Suzuki,Maroon,Reno,CN
2B3CA4CD0AH993787,Toyota,Fuscia,RAV4,AT
WBXPC9C47AW678092,Ford,Pink,E-Series,ID
1G6AH5RX5E0836584,Kia,Aquamarine,Rio,MA
JH4CL95954C991215,Honda,Khaki,Ridgeline,ID
WDDNG7BB1AA530312,Eagle,Violet,Talon,ID
2G4WC562751009308,Infiniti,Turquoise,J,PH
WP0AB2A81FK793305,Nissan,Purple,Altima,CA
5GADX33L95D541750,Subaru,Aquamarine,Leone,PT
3VW517AT5FM888137,Mercury,Maroon,Mountaineer,SL
WBA8Z5C51FD963534,Nissan,Orange,Xterra,RU
2G4WC552571311894,Lincoln,Aquamarine,Town Car,CN
WBANA73594B004610,Lincoln,Green,Navigator,CN
WAUMGBFL8DA497855,Mazda,Blue,RX-8,BR
JH4CL95948C069587,Dodge,Indigo,Grand Caravan,PE
1N6AF0LY3EN412702,Mazda,Fuscia,Mazda6,BD
WBAWC7C5XAP871883,Chevrolet,Aquamarine,Blazer,SE
2G4GS5EKXC9245328,Chevrolet,Crimson,Corsica,PT
1G4HJ5EM8AU717292,Maserati,Crimson,430,NP
WUADUAFG8AN318195,Suzuki,Indigo,Daewoo Magnus,CN
WBA3A9G55CN029076,BMW,Crimson,5 Series,CN
2G4GU5EV6C9338190,Mercury,Purple,Sable,AZ
1FTNF2B55AE155069,Lexus,Indigo,GS,CI
WBAKF5C55BE814739,Ford,Green,Contour,PL
1FTSW2B52AE025608,Dodge,Red,Charger,BG
WBAYE4C56ED596831,Mitsubishi,Crimson,Eclipse,ID
5GADX23L96D233750,Suzuki,Violet,SX4,BR
1GYS3SKJ3FR683697,Saturn,Yellow,S-Series,LI
4T1BF1FK6FU105371,Pontiac,Crimson,Firebird,RU
WAUKF78E16A699753,Audi,Green,A8,PL
1G6DZ67A190274560,Infiniti,Fuscia,G,CO
WAUHFAFL0CA909683,Chevrolet,Purple,Express 3500,JP
1FTNX2A52AE898433,Dodge,Aquamarine,Caravan,ID
KNAFU6A2XA5975317,Mazda,Puce,Mazdaspeed 3,CN
JM1NC2LF8F0890703,Ford,Yellow,Aerostar,CN
JN1AZ4EH6BM454204,Scion,Purple,xD,MY
19UUA56632A803536,Volkswagen,Blue,GTI,US
WAUFFAFL0CN600747,Lincoln,Goldenrod,MKX,ID
WAUJT68E82A297088,Ford,Fuscia,Expedition,BR
WAUBVAFB1AN954041,Chrysler,Khaki,Town & Country,CN
4T1BD1EB1FU776874,Porsche,Maroon,928,CN
WBA3C1G54DN865345,Chevrolet,Purple,Cruze,CO
3FADP4AJ9BM547771,Nissan,Goldenrod,Pathfinder,BR
2G4WS52JX41022617,Mercury,Maroon,Grand Marquis,CA
2G4WC552271073311,Dodge,Pink,Dakota,RS
WBANN735X7C856791,Volvo,Puce,S40,MG
4JGDA2EB4DA863934,Lexus,Goldenrod,LS,CZ
WBA3A9C51DF975306,Volkswagen,Puce,Scirocco,PT
3N1CE2CP5FL584042,Mazda,Khaki,929,EC
WAULT68EX5A679930,Honda,Turquoise,CR-Z,RU
VNKKTUD37FA519651,Pontiac,Violet,Grand Prix,KZ
3VWML7AJ9CM998799,Honda,Goldenrod,Insight,PA
1N6AF0KX2EN233933,Mercury,Khaki,Grand Marquis,PH
3C4PDDEG2DT814868,Chevrolet,Fuscia,Avalanche 2500,CN
5UXFB33522L617946,Nissan,Yellow,350Z,ID
WAUEH78E48A896605,Lamborghini,Teal,Diablo,CN
JTEBU4BF6DK819123,Mercedes-Benz,Green,C-Class,ID
WAUDL74F05N396017,Saturn,Indigo,Aura,CO
JH4CW2H50BC891267,Volkswagen,Goldenrod,Cabriolet,IE
TRURD38J381141246,Dodge,Goldenrod,Dakota Club,CO
3C3CFFFH2FT195711,Hummer,Khaki,H3,CN
WAUGL68E25A090906,Pontiac,Crimson,Grand Prix,CN
5UXFG8C50DL292845,Suzuki,Turquoise,Grand Vitara,KR
WAULT68E35A956739,Chevrolet,Turquoise,Suburban 1500,CZ
WAUFGAFC6DN257179,BMW,Purple,3 Series,SE
JH4DC43671S973526,Dodge,Mauv,Caravan,GF
1GKS1AE06BR277663,BMW,Pink,745,BR
1C6RD7KP0CS128852,Honda,Turquoise,Accord,CO
1G4HG5EM8AU835566,Subaru,Orange,Alcyone SVX,FR
3D73M4EL3AG660287,Chevrolet,Violet,Silverado,CN
5N1AN0NW9DN513013,Subaru,Orange,Legacy,KR
WAUDF58E05A656372,Volkswagen,Goldenrod,Corrado,FR
WBABW33464P731436,Ford,Turquoise,F150,PH
WA1YD64B62N284207,Mercedes-Benz,Aquamarine,CL-Class,CN
JM1NC2LF9D0619128,Pontiac,Green,Firebird,SE
1G6AW5SX5E0417070,Audi,Maroon,100,CN
19UYA42431A771301,Chevrolet,Goldenrod,Blazer,JP
WAUAF98E55A777196,Toyota,Green,Previa,ID
WBAKB0C58CC388427,Acura,Crimson,TSX,PT
1FTEX1CM1DK568576,GMC,Crimson,Savana 3500,JM
1N6AA0CC8BN236289,Mitsubishi,Puce,Mirage,VN
JN1CV6FE1CM107465,Saab,Aquamarine,9-3,NO
WA1WMBFE8BD963781,Alfa Romeo,Turquoise,Spider,MX
WBAEP334X2P399136,GMC,Pink,Savana 1500,ID
WAUWGAFC4DN274269,Dodge,Violet,Ram 1500,RU
1G6DU6ED2B0871489,Ford,Pink,F250,NG
TRUXD38J891524849,Toyota,Indigo,4Runner,CN
WAUFGBFC7EN225932,GMC,Pink,Savana 1500,CN
2C3CCABG8DH744763,Ford,Aquamarine,Bronco,RU
SCFFDCCD9CG240577,Hyundai,Green,Accent,MU
WP0AB2A90FS860923,Mitsubishi,Violet,Diamante,ID
3C63DRKL5CG976859,Kia,Maroon,Sephia,BR
WA1DGAFE6ED352287,GMC,Puce,Rally Wagon 3500,SE
JH4CU2F61BC980220,Mercedes-Benz,Goldenrod,E-Class,NG
W04GX5GV1B1826680,Saab,Maroon,9-5,CZ
WVWAP7AN3EE560124,Ford,Crimson,Fiesta,RU
WA1VMBFP6EA961613,Ford,Teal,Taurus,CN
WAUSF78K29A528164,Audi,Crimson,100,CN
JHMZF1C47CS777213,Porsche,Turquoise,928,LK
WBA3B1G52FN534902,Nissan,Red,Quest,BR
1G6KD57Y03U366692,MINI,Blue,Cooper,UA
WAUUL68E45A643252,Lotus,Blue,Exige,CN
WAUFFAFM7AA188789,Saturn,Green,Ion,CN
JN8AZ2KR6AT667371,Mercedes-Benz,Orange,CL-Class,NL
WBAAV33401E774854,Mitsubishi,Goldenrod,Outlander,ID
WBABS53411E751186,Pontiac,Yellow,Sunbird,GR
WVWAN7AN2EE111314,Ford,Goldenrod,Aspire,ID
5UXFF03539L981645,Nissan,Crimson,Frontier,ID
2G4WC532751698822,Volkswagen,Crimson,Rabbit,RU
3D7JV1EP1AG926105,Nissan,Puce,Quest,ID
3VW517AT4EM050177,BMW,Crimson,600,CN
3GYFNCEY4AS386311,Volvo,Yellow,S40,ID
3VW467ATXCM639342,Toyota,Indigo,Echo,FR
WBAEJ13452A039698,Land Rover,Green,LR3,CN
1C3CDZBG4CN227641,Chrysler,Teal,Concorde,ID
1GYS4DEF1DR881868,Suzuki,Crimson,Swift,RU
WA1LGAFE5ED816701,Chevrolet,Puce,S10,NG
4T1BK3DB4AU752273,Buick,Blue,LeSabre,PH
WAURGAFD9EN025053,Mitsubishi,Khaki,Eclipse,SE
1GYS4SKJXFR636051,Chrysler,Crimson,Town & Country,CN
19XFB2F56FE652883,BMW,Orange,650,GR
WVWAA7AH1BV356848,Pontiac,Violet,Montana,TN
JH4DC548X2C770714,Mazda,Khaki,323,AE
1N6AA0CC9DN773949,Nissan,Orange,Titan,PL
ZHWGU5BZ3CL269020,Dodge,Violet,Dakota,TN
WAUMGAFL7CA030290,Ford,Crimson,Econoline E250,AL
KMHDB8AEXCU185798,Chevrolet,Crimson,Suburban 2500,MX
WBA3B3C59EF979745,Toyota,Violet,Prius,ID
JTHBL5EF9F1478137,Mercedes-Benz,Mauv,300SD,ID
2T1BURHEXFC888661,GMC,Green,Yukon,CZ
KMHFG4JG3FA735823,Nissan,Violet,Sentra,PT
WAUBF48H07K648782,Lamborghini,Yellow,Murciélago,PT
WAUXL68E45A843755,Porsche,Turquoise,911,MM
1D4PU2GK2AW191556,GMC,Indigo,Envoy XL,CN
JN1CV6EKXDM994413,Hyundai,Orange,Veracruz,ID
WDDGF4HB7CF292313,Nissan,Goldenrod,200SX,ID
1G4GD5G3XFF559153,Mercury,Orange,Sable,CN
WAUKF98E17A205940,Nissan,Red,Titan,PL
WBAKA83509C484403,Volkswagen,Red,Cabriolet,HN
KM8JT3AB1BU126498,Pontiac,Maroon,Bonneville,NG
ZFBCFACH2FZ734326,Ford,Khaki,Fusion,ID
W04GS5EC0B1491430,Dodge,Pink,Ram 3500,CN
2G4GY5GV7B9878549,Volkswagen,Crimson,Scirocco,CN
5N1AT2ML3EC203428,Mitsubishi,Aquamarine,Montero Sport,CN
1G6DL8E35D0692291,Hummer,Puce,H1,PL
3VW4A7AT6DM022181,Nissan,Purple,JUKE,NI
1GYS4JKJ0FR507052,Hyundai,Yellow,Accent,TG
1N6AA0CJ3FN993850,Nissan,Pink,Sentra,ZA
WDDEJ8GB1AA512795,Aston Martin,Crimson,DB9,PT
WAUDGBFL2DA223325,Ford,Green,Escort,ID
JTDKTUD38ED087500,Pontiac,Mauv,GTO,NG
W04GX5GVXB1970390,Honda,Khaki,Odyssey,CZ
3D73M4CL7AG036768,Dodge,Blue,Caravan,CZ
5TDDK3DCXFS668282,Dodge,Pink,Ram,CN
WBAYA8C55DC370495,Audi,Khaki,A8,ZA
1C6RD6FP7CS220951,GMC,Violet,Sierra 2500,NG
SCBBR9ZA7AC136188,Fillmore,Goldenrod,Fillmore,MX
SCBLF34F42C326805,Ford,Maroon,Thunderbird,CN
WDDHH8JB3FB844739,GMC,Teal,Envoy,YE
4T1BF3EK1AU943667,Lamborghini,Blue,Countach,CN
KMHGN4JEXFU402428,Pontiac,Green,LeMans,LT
5N1AT2MKXFC342724,Chevrolet,Khaki,2500,ID
JN8AS5MT8AW220327,Mazda,Blue,MX-5,CN
KMHHT6KD0EU548251,Ford,Aquamarine,Taurus,PL
1FMJK1G54BE528094,Volkswagen,Maroon,Tiguan,PK
1C6RD6FK7CS345811,Mercury,Red,Mystique,CO
1GYFC33209R133246,Mercury,Purple,Grand Marquis,CO
WAUZL64B81N988949,Oldsmobile,Khaki,Cutlass Supreme,BR
1GYS3DEF9DR530712,Volvo,Red,960,JP
WAURGAFD5EN856775,Chevrolet,Purple,Cavalier,PH
JTHBK1GG6E2708789,Dodge,Purple,Caravan,ID
5FRYD4H67EB496414,Buick,Indigo,Riviera,KP
1FMJK1JT1FE189338,Cadillac,Yellow,Seville,ID
JM1NC2EF5A0457197,Chevrolet,Crimson,Astro,EG
YV4852CT0A1889946,Chrysler,Crimson,300M,ID
KMHHT6KD1AU837066,Lexus,Goldenrod,RX,PL
3C3CFFHH8FT554234,Lincoln,Purple,Town Car,CN
4A31K3DT0BE013533,Nissan,Mauv,Armada,CN
5UXZV8C5XBL772102,Lexus,Crimson,GX,RU
4A31K2DF5AE935055,Plymouth,Indigo,Neon,VE
WBA3D5C58FK991478,Volkswagen,Violet,Passat,CN
1C3BC2EB5BN790928,Chevrolet,Purple,Tahoe,PS
WUAYU48H88K431486,Toyota,Orange,RAV4,CN
JTMHY7AJ0D4263132,Saab,Maroon,9-3,PT
5FRYD3H22EB915955,Kia,Green,Sportage,ID
1G6AL5S34D0281163,Pontiac,Maroon,Bonneville,MA
WVGAV7AX1CW335422,Lexus,Purple,RX,CO
JTJBM7FX3A5455890,Lexus,Violet,LS,AR
JN8AE2KP3D9316879,Smart,Mauv,Fortwo,MW
1G4HR54K244522995,Saab,Pink,9000,HN
WA1LGAFE5FD907811,Ram,Red,3500,CL
1G6DJ577880246176,Hyundai,Turquoise,Entourage,RU
WBAUN9C5XAV751056,Mazda,Red,Tribute,ID
3D7LP2ET2BG341380,Toyota,Khaki,Avalon,PH
2G4WS52J931788904,Nissan,Teal,Maxima,FI
WAUWFAFR0DA307699,GMC,Aquamarine,Safari,RU
2G61V5S83F9986177,Chrysler,Mauv,Cirrus,BO
2C3CDXEJ4FH050842,Ford,Red,Explorer Sport Trac,CN
4T1BD1EB8DU937704,Lincoln,Khaki,MKZ,ID
1C4RDJAG7FC869814,Jeep,Mauv,Commander,PL
WBXPC93507W562153,Audi,Orange,Q7,ZA
WBAYA6C50DC711726,Ford,Crimson,E-350 Super Duty Van,UA
1G6AB5SX5F0793703,Toyota,Goldenrod,T100 Xtra,PL
1GYS4DEF4DR711861,Toyota,Maroon,Celica,XK
WAULD54B02N217870,Chevrolet,Fuscia,Sportvan G30,KW
1G6DE8EG3A0103781,Jaguar,Violet,S-Type,TN
1FTEW1CF4FF798029,Nissan,Orange,Pathfinder,JP
KNDPB3AC1F7490676,Mercedes-Benz,Violet,E-Class,RU
JN8AF5MR2BT340345,Porsche,Mauv,Panamera,JP
3FAHP0CG9AR307424,Ford,Indigo,F-Series Super Duty,CZ
SCBZB25E12C001695,Ford,Maroon,Crown Victoria,PH
JN8AF5MR8CT207817,Dodge,Purple,Omni,AF
4T1BF3EK4AU524695,Volvo,Aquamarine,C30,BJ
JN8AZ2KR4CT276562,Suzuki,Khaki,Aerio,CM
JN8AS5MT0BW090268,Mitsubishi,Puce,Eclipse,CN
WBANU5C53AC748897,Toyota,Khaki,Sequoia,IE
WUADU98E68N127749,Ford,Khaki,F-Series,BY
SCBDC47L99C955765,Chevrolet,Khaki,Camaro,PH
SALFR2BG1DH458538,Ford,Teal,Explorer,CN
WBANF735X6C258437,Buick,Green,Reatta,ID
SCFBF04B88G172381,Honda,Turquoise,Civic,FR
WAUK2AFD9FN350061,Lexus,Pink,LX,BR
WAUGN94F09N148228,Aston Martin,Violet,Vantage,JP
3N1CN7AP2FL213808,Audi,Blue,90,PG
2T1BPRHE3EC854907,Dodge,Red,Ram Van 1500,CA
3C6JD6CTXCG877278,Honda,Crimson,Odyssey,CN
2T1BURHE7EC848830,Mercedes-Benz,Maroon,S-Class,LR
JTDBT4K39B4652223,Mercedes-Benz,Fuscia,W201,PL
1C4RDHAG3CC425673,Mercedes-Benz,Purple,300E,SD
2C3CDXBGXFH939489,Toyota,Crimson,Matrix,RU
WBXPC93468W515640,Infiniti,Goldenrod,QX56,ID
1GD11XEGXFF110894,Geo,Puce,Metro,ID
5N1AR2MM0DC909214,Honda,Khaki,S2000,CN
1D7RW3BK6AS448762,Mitsubishi,Crimson,Galant,ID
3VW517AT7FM157483,Chevrolet,Purple,Caprice,MU
JN1AZ4EH2EM122992,GMC,Blue,Sierra 2500HD,PL
3FAHP0CG9CR839081,Chevrolet,Green,Lumina APV,CN
3C4PDCGB4FT761637,Oldsmobile,Crimson,Bravada,RU
WBAPN7C57AA938912,Suzuki,Blue,Forenza,AF
WBA3D3C52EK645896,Volkswagen,Teal,Eurovan,SE
1G6AK5SX7E0310534,Lamborghini,Violet,Gallardo,BR
1GYS3JEF2DR853188,Mercedes-Benz,Goldenrod,E-Class,AX
WBAPL5G5XBN765627,Kia,Goldenrod,Sportage,VN
YV126MFD4F1118753,Dodge,Pink,Aspen,FI
5TFAW5F19EX266261,Volkswagen,Aquamarine,Cabriolet,CN
WBAXH5C54CD066086,Volkswagen,Purple,R32,TT
KNAFU6A21A5190863,GMC,Orange,Yukon XL 1500,CL
WUAGNAFG3BN511320,Toyota,Orange,Solara,ZA
WBA6B2C51FD720168,Hyundai,Fuscia,Elantra,EC
WBADX7C58DP198866,Chevrolet,Crimson,Malibu,FR
5UXKS4C56E0059643,BMW,Purple,5 Series,PH
3FAHP0DC4AR424842,Mitsubishi,Aquamarine,Montero Sport,SE
1C3CCBAB2DN418542,Subaru,Goldenrod,SVX,BR
JH4CL969X8C826314,Ford,Khaki,Probe,CN
2G4WN58CX81170031,Lexus,Yellow,LX,NE
JTDKDTB31E1558740,Pontiac,Mauv,Grand Prix,FI
5LMJJ2HT3FE855890,Plymouth,Mauv,Acclaim,UA
5J8TB3H31GL190361,Mitsubishi,Green,Precis,PT
KNAFU6A29D5293940,Jaguar,Yellow,S-Type,FR
1C6RD6MTXCS096688,Cadillac,Fuscia,XLR,DK
3VWF17ATXFM370013,Chevrolet,Mauv,1500,ID
1FMCU4K34CK045413,Lotus,Purple,Esprit,ID
WAUAFAFL3BN163089,Toyota,Aquamarine,MR2,ID
1FMCU0D75AK216823,Nissan,Blue,Altima,TH
WA1BY74L58D563039,Nissan,Yellow,Frontier,TH
1G6KD57988U453269,Mazda,Violet,B-Series,CN
WUARL48H84K395039,Volkswagen,Yellow,Jetta,ID
2T1BURHE7FC203614,Pontiac,Green,Grand Am,CN
WAU3FAFR8CA676893,Dodge,Red,Ram Wagon B150,JP
2C3CK6CT8BH775746,Volkswagen,Green,rio,ET
WP0AB2A97BS074014,Buick,Aquamarine,Roadmaster,KE
1FTSW2B5XAE824679,Mercury,Turquoise,Grand Marquis,AL
WBAVB73518F529480,Chevrolet,Teal,G-Series G20,ID
TRUB3AFK0D1207718,Chevrolet,Turquoise,Tahoe,HR
WBAUP73599V843074,Chevrolet,Violet,Cavalier,CO
WAUKFAFL8EN732706,Mazda,Pink,Millenia,UG
WVGEP9BP8FD215302,Hyundai,Indigo,Entourage,LU
1G6YV34A545335095,Ford,Goldenrod,Mustang,RU
SCBBR9ZA2CC610910,Buick,Goldenrod,Rendezvous,RU
1FTWW3A55AE683383,Hyundai,Green,Elantra,BR
WBAEV53465K142963,Volvo,Orange,S40,PL
5TDBK3EH7DS674264,Ford,Green,E-Series,BD
1G6DV1EP7B0429818,Dodge,Aquamarine,Dakota,PT
JTDKN3DU9F0003996,Cadillac,Turquoise,STS,CN
WVWAW7AH7BV812711,Hyundai,Indigo,Elantra,PS
2C3CA7CW5AH737781,Audi,Orange,Quattro,SE
1GTN1TEX5CZ503615,Ford,Teal,Ranger,MN
VNKJTUD30FA970853,Lamborghini,Puce,Gallardo,AR
3C63D2CL1CG542590,Ford,Khaki,Taurus,PT
WA1CFAFP6BA101198,Mitsubishi,Purple,Precis,US
WBADN63493G779752,Pontiac,Crimson,Grand Prix,RS
WAUAF48H18K142150,Ford,Violet,Probe,PH
JN1CV6EK5FM671759,Lexus,Crimson,ES,ID
1N6AF0LY6EN264402,Honda,Teal,Civic,SE
3D7LP2ET8AG698402,Hyundai,Yellow,Veracruz,FR
3G5DA03L77S980728,BMW,Puce,8 Series,CN
WBAEB5C55AC356963,Hyundai,Turquoise,Veracruz,KZ
1C3CDFEB6ED444955,Chevrolet,Green,Avalanche,CA
3C63DRNL0CG499107,GMC,Green,Canyon,PL
1GD12XEG8FF685606,Dodge,Crimson,Viper,PH
1G6DH1E33E0983530,Pontiac,Goldenrod,Parisienne,ID
1D4PU6GX8AW910859,GMC,Mauv,3500 Club Coupe,PT
1G6DP1E31C0821444,Subaru,Pink,Impreza,CZ
JH4KC1F91EC582061,Porsche,Orange,Cayman,CN
WAULD64B82N849831,BMW,Pink,325,CZ
3C4PDDEG5FT357881,Mercedes-Benz,Orange,E-Class,PA
1G6KY54981U173480,Lexus,Khaki,LX,PH
KMHHT6KD2BU157257,Ferrari,Yellow,430 Scuderia,RU
WAULC68E65A036717,GMC,Green,Rally Wagon G2500,CO
4USCK734X2L952790,Cadillac,Aquamarine,DTS,CN
JH4CU2F60AC873769,Maserati,Orange,Spyder,BR
WBALL5C54CE848301,Volkswagen,Teal,Jetta III,ID
1N4AB7AP0EN855915,Infiniti,Goldenrod,FX,CN
1G6DM57N130708141,Volvo,Green,XC90,SI
WAUDFAFL4BA486944,Saab,Goldenrod,900,IL
WBADS33442G920314,Cadillac,Yellow,Escalade EXT,SY
2HKRM3H53FH561995,Chevrolet,Aquamarine,Corvette,PL
1GTC5MF99C8820479,BMW,Green,Z3,CN
2C3CCARGXFH399213,Ford,Teal,Aerostar,BG
2C4RDGCG6CR131568,Honda,Yellow,Insight,RU
JN1BY1AR7FM940983,Dodge,Pink,Caravan,MY
WAUFFBFL3AN145248,Buick,Puce,Enclave,US
WBA3X5C56ED916840,Dodge,Goldenrod,Ram Van 3500,CN
WAUGU54D01N620961,Dodge,Indigo,Viper,RU
JA32U1FU1CU269780,Buick,Green,Park Avenue,PT
WAUMGAFL8BA343220,Mercedes-Benz,Teal,S-Class,CN
5GADT13SX42635184,Ford,Khaki,Escort,TH
1G6KH5EY1AU650353,Lotus,Mauv,Evora,RU
1FTEW1CM5DK511106,Isuzu,Green,Hombre Space,CN
5TDBK3EH8DS025850,Honda,Teal,Accord,RU
1G6DB1ED2B0276974,Hyundai,Indigo,Sonata,RU
KNAGN4AD1F5805426,Ford,Red,F150,UA
5FRYD3H22GB728315,Pontiac,Indigo,Parisienne,VN
WDDNG9FB0CA451111,Oldsmobile,Khaki,Bravada,TH
5TFBY5F16AX926183,Toyota,Pink,Celica,FI
1FTWW3B59AE850343,Hyundai,Fuscia,Sonata,RU
WBA3C1C52FP668932,Chevrolet,Fuscia,Malibu,MY
JM1NC2LF5F0830135,Cadillac,Orange,Seville,PE
1C6RD6HTXCS911188,Cadillac,Maroon,STS-V,PL
W04GW5EV4B1150988,Nissan,Maroon,Maxima,BR
1N6AA0CCXAN140646,Infiniti,Goldenrod,I,ID
WAUPEAFM9CA412736,Ford,Yellow,GT,CN
WAUGN74F99N217504,Mitsubishi,Fuscia,Precis,CN
WBAPK7C55BF910491,Toyota,Aquamarine,Paseo,US
1C3CC4FB0AN037630,Volkswagen,Crimson,Passat,CN
19XFA1E63AE384536,GMC,Yellow,Sierra 1500,CR
WAUBF98E28A641844,Buick,Teal,Reatta,AF
1G6DP577060787900,Mercedes-Benz,Violet,R-Class,ID
SCFFDAAE3CG973448,Volkswagen,Yellow,Eurovan,BO
1G4HP57236U648853,Ford,Aquamarine,Mustang,NZ
WAUBFAFL5EN394181,Land Rover,Green,Range Rover,CN
WDDEJ7GB5DA218539,Mitsubishi,Yellow,Montero Sport,ID
ML32A3HJ6FH822528,Infiniti,Violet,I,RU
5N1AN0NU3FN148653,Chrysler,Goldenrod,300,IR
W04GR5EC5B1100672,Saab,Khaki,900,JP
JTMHY7AJ1B5238909,Lexus,Teal,LS Hybrid,VN
SAJWA2GZ0E8585471,Audi,Mauv,A6,PH
5FNYF3H2XDB246621,Dodge,Blue,Intrepid,CN
WAUAF68E65A950948,Mazda,Violet,626,CN
WAUMGBFL5CA865858,Mitsubishi,Goldenrod,i-MiEV,PL
3C63DPGL4CG824746,Lexus,Yellow,LS,IR
WAUHFAFL0FN264529,Pontiac,Khaki,Grand Am,PH
5UXFG2C52E0773793,GMC,Blue,Jimmy,MG
WBA3T3C55FP502755,Lexus,Yellow,SC,KG
WBADR63492G738847,Lincoln,Turquoise,Town Car,BG
2T1BU4EE2DC729735,Ford,Puce,F250,CN
WBSBL93481J328256,Audi,Blue,A6,CN
3C6TD5GT5CG838966,Audi,Blue,A6,ID
5XXGM4A76FG018628,Oldsmobile,Mauv,98,RU
WAU3VAFR7AA854745,Dodge,Pink,Ram Van 1500,CN
WBS3U9C59FJ947336,Plymouth,Turquoise,Breeze,ID
1FTWF3C56AE092234,Toyota,Blue,Tundra,PH
WBANB33584B787487,GMC,Maroon,Suburban 2500,RU
1G6DC1E36E0235871,Nissan,Teal,Armada,CN
JH4KB2F57AC125660,Buick,Red,LaCrosse,BR
WAUML54BX4N850595,Ford,Mauv,Escort,AL
1HGCR2F36EA393506,Dodge,Turquoise,Viper,CN
WBAEU33493P044078,Chevrolet,Violet,Silverado 3500,JP
WAUBF78E57A703076,Lexus,Puce,GX,CU
1VWAP7A34EC711933,BMW,Mauv,X3,CN
TRURD38J591729778,Eagle,Fuscia,Talon,PT
YV1612FS7E2183916,Mazda,Blue,626,MX
2T1BURHE5FC257784,GMC,Mauv,Savana 1500,PT
1FMCU0C75CK198828,Audi,Indigo,S8,ID
JTHBK1EG8A2162252,Ford,Goldenrod,Ranger,ZA
1G6AR5S34F0147898,Mazda,Crimson,Protege,BR
WBALW3C54CC319096,Plymouth,Violet,Neon,ID
3GYFNGEY4BS056161,BMW,Puce,Z8,US
1G6DG8EG7A0779368,Mercedes-Benz,Turquoise,400E,HU
WBADT33452G385328,Audi,Red,R8,RU
JN8AF5MR3DT877910,Suzuki,Purple,Verona,FR
1G6DM57N830342193,Honda,Puce,Passport,ID
WDDEJ7HBXAA436888,GMC,Mauv,Sonoma,PT
3C6TD4MTXCG094974,Mercedes-Benz,Orange,SL-Class,ID
2HNYD18604H978502,Chevrolet,Puce,Malibu,BR
2D4RN4DG0BR398393,Ford,Turquoise,Crown Victoria,ID
WAUSFAFL7AA605852,Pontiac,Khaki,Firefly,CO
19XFB2F5XFE076182,Lotus,Crimson,Esprit,BO
WBASP0C53DC443580,Ford,Orange,Aspire,FR
WBA3F9C55EF055178,Ford,Orange,Windstar,TN
5UXFE435X9L924515,Toyota,Goldenrod,T100,MT
WP0AD2A73EL617026,Ford,Puce,Taurus,SA
2V4RW3DG7BR987015,Ferrari,Aquamarine,612 Scaglietti,WS
WAUPL68E74A985371,Pontiac,Crimson,Aztek,PT
2G4WD562651714131,Jaguar,Goldenrod,XJ Series,FR
KM8JT3ABXBU515611,Kia,Red,Sportage,JP
1GYS3HEF3CR834074,Honda,Goldenrod,Civic,BG
2C3CDXJGXEH546415,Lexus,Green,LX,ID
WVWAW7AH7BV310054,Dodge,Maroon,Charger,BD
JTDKN3DU4F0837139,Chevrolet,Maroon,Blazer,JP
WAUKFAFL8CN033167,Honda,Khaki,Fit,VN
JH4DB756X1S546438,Audi,Violet,200,AF
5TDDK3DC9ES939508,GMC,Blue,Savana 2500,RU
5TFBY5F10CX109570,Chrysler,Orange,Town & Country,BD
SCFFDABE7BG757082,Ford,Indigo,Festiva,RU
5UXFA53592L628165,Chevrolet,Red,Equinox,ID
3D73Y4HL5AG362355,Mitsubishi,Turquoise,Expo,ID
WAUVF78K09A297794,Mazda,Maroon,Miata MX-5,PE
1C3BCBFG5EN493205,Subaru,Fuscia,Forester,PH
KMHD35LH8FU136655,Mercedes-Benz,Fuscia,SL-Class,PH
WAUKH78E38A371523,Mercury,Orange,Villager,TN
5UXZV4C56BL702914,Audi,Green,TT,CN
WAUVC68E84A831405,Mitsubishi,Green,Montero,KZ
KNAFU6A29C5228911,Volkswagen,Teal,Passat,BR
WBASN4C58CC141763,Lincoln,Red,LS,CZ
WVGAV7AX7FW597255,Mazda,Green,929,ID
KNADH4A39A6041331,Geo,Teal,Tracker,LB
1NXBU4EE2AZ282785,Toyota,Indigo,Previa,SO
2FMGK5BC2AB636036,Buick,Mauv,LeSabre,PL
WP0AD2A70EL949778,Aston Martin,Green,Rapide,ZA
1G6DC5EG7A0129529,Ford,Turquoise,Ranger,PK
4USBT33474L119808,Ford,Purple,F350,BW
1D7RV1CT0BS738950,Jeep,Fuscia,Grand Cherokee,MT
WAUBVAFB6AN384800,Ford,Turquoise,F250,CN
JTMHY7AJ4B5006031,Audi,Red,S6,ID
1G6DK1E39C0245293,Pontiac,Mauv,6000,ID
1GKS1HE07ER859932,Buick,Puce,Regal,BR
YV4902BZ9B1997749,Mercedes-Benz,Khaki,SL-Class,HR
WAUDGAFL1BA988422,Alfa Romeo,Goldenrod,164,PH
1GYFC66828R613949,GMC,Puce,Yukon XL 1500,SY
5TDDK3DC5ES798033,Land Rover,Yellow,Range Rover,CN
19UYA42602A000006,Mercury,Khaki,Mountaineer,CI
WAUUL58E65A366713,Nissan,Violet,GT-R,UZ
WBAKE3C51CE361454,Subaru,Khaki,XT,RU
5TFAW5F12EX547222,Chevrolet,Turquoise,Corvette,RU
WBSBL93494J983238,Acura,Indigo,TL,EE
WBA6A0C52ED533169,Mercury,Blue,Topaz,PL
YV1902FH9B2777939,Lexus,Maroon,IS-F,CN
1GYUCGEF9AR661483,Toyota,Teal,Highlander,CN
19XFB4F31EE813374,Porsche,Teal,944,GR
WBS3U9C5XFJ000760,GMC,Violet,Sierra Denali,PH
WUATNAFG4BN336977,Ford,Red,E150,ID
1GD21XEG6FZ798895,Dodge,Aquamarine,Durango,CN
YV1672MK1B2597058,Suzuki,Goldenrod,XL-7,LV
1FTWX3B53AE610489,GMC,Indigo,Yukon,CN
WBA3B5C57DP994894,Porsche,Maroon,Cayman,ID
1N6AA0CC7EN207631,Chevrolet,Crimson,Malibu,ID
1G6KY54942U441104,Suzuki,Teal,Esteem,SL
1C4NJCBA4ED906016,Jeep,Yellow,Wrangler,PL
W04GP5EC5B1260542,GMC,Blue,Savana 1500,CN
4T3BA3BB2FU096935,Buick,Orange,Reatta,BD
1G6DK8EG9A0853730,Hyundai,Red,Accent,CN
5GADV33177D699351,Lincoln,Green,Town Car,CN
WAUEF98E08A273970,Honda,Violet,Accord,ID
W04GS5EC7B1296585,Mercedes-Benz,Blue,C-Class,FR
WBSBL93455P170879,Saab,Fuscia,9-3,US
3C3CFFCR6ET021006,Volkswagen,Goldenrod,GTI,ID
YV4902DZ7D2063857,Mercury,Indigo,Montego,ID
1FM5K7B87EG644176,Mitsubishi,Crimson,Outlander,SE
JH4CL95844C856539,Ford,Indigo,Econoline E250,FR
3D7TT2CT0BG924707,Buick,Goldenrod,Electra,RU
1G6AB5RX0D0848366,Ford,Violet,Explorer Sport Trac,HR
2HNYD28248H976938,Mercedes-Benz,Violet,E-Class,UZ
WBADR63483G717859,Pontiac,Pink,Grand Am,LK
1D7RW2GK4AS292224,Land Rover,Orange,Freelander,ID
KMHTC6AD0CU775867,Mercedes-Benz,Goldenrod,SL-Class,IE
JH4CU26609C337867,Volkswagen,Teal,Cabriolet,RU
WAUHF78P56A271308,Chevrolet,Khaki,Impala,AF
1GKMCCE39AR135962,GMC,Khaki,Savana 1500,CA
1FTSW3A5XAE805976,Mercedes-Benz,Purple,S-Class,MA
WUAPV64B53N593573,Lotus,Blue,Esprit,PH
3D7TP2CTXAG447013,Saab,Purple,9-7X,CN
1C6RD6PT2CS411818,Mercedes-Benz,Maroon,CLK-Class,ID
1G6DJ5E38D0284369,Ferrari,Goldenrod,430 Scuderia,CN
1YVHZ8BH0C5411300,BMW,Orange,M6,FI
JN8AZ2KR8AT110686,Acura,Orange,Integra,MN
2G4WS52J531722673,Maybach,Mauv,57,CN
WBAKN9C58FD211466,Dodge,Aquamarine,Stratus,CN
3GYFNAE38ES218315,Mazda,Goldenrod,Millenia,SE
JN8AF5MRXET221494,Toyota,Indigo,Avalon,BR
WBAFU7C53BC052302,Kia,Blue,Soul,CN
WBAYF8C52ED587659,Jaguar,Teal,XJ Series,PH
YV126MFC1F1312406,Jeep,Mauv,Cherokee,NG
JTDKTUD3XED117855,Porsche,Goldenrod,928,ID
KNALU4D47F6817491,Honda,Maroon,Accord,RU
1GD312CG5EF367555,Lincoln,Turquoise,Mark VII,AR
WBSDE93491B887926,Mercedes-Benz,Orange,W201,NO
3N1AB6AP9BL416862,BMW,Crimson,8 Series,AR
JTHDU1EF5C5279864,Pontiac,Khaki,6000,MX
WBA3C1C58CF778594,Buick,Goldenrod,LeSabre,PT
WAUEFAFL1AN200026,GMC,Green,Sierra,UZ
2C3CA5CV4AH667900,Infiniti,Turquoise,J,FR
WAULFAFR3CA114125,Mercedes-Benz,Green,E-Class,FR
1FTSW3B53AE977149,Nissan,Mauv,300ZX,FR
SCFAB42341K406884,Hyundai,Indigo,Entourage,CZ
WAUK2AFDXFN159202,Hyundai,Red,Tucson,FI
